"fullName","email","nationality","nationalID","countryFlag"
"Jonas Schmedtmann","hello@jonas.io","Portugal","3525436345","https://flagcdn.com/pt.svg"
"Jonathan Smith","johnsmith@test.eu","Great Britain","4534593454","https://flagcdn.com/gb.svg"
"Jonatan Johansson","jonatan@example.com","Finland","9374074454","https://flagcdn.com/fi.svg"
"Jonas Mueller","jonas@example.eu","Germany","1233212288","https://flagcdn.com/de.svg"
"Jonas Anderson","anderson@example.com","Bolivia (Plurinational State of)","0988520146","https://flagcdn.com/bo.svg"
"Jonathan Williams","jowi@gmail.com","United States of America","633678543","https://flagcdn.com/us.svg"
"Emma Watson","emma@gmail.com","United Kingdom","1234578901","https://flagcdn.com/gb.svg"
"Mohammed Ali","mohammedali@yahoo.com","Egypt","987543210","https://flagcdn.com/eg.svg"
"Maria Rodriguez","maria@gmail.com","Spain","1098765321","https://flagcdn.com/es.svg"
"Li Mei","li.mei@hotmail.com","China","102934756","https://flagcdn.com/cn.svg"
"Khadija Ahmed","khadija@gmail.com","Sudan","1023457890","https://flagcdn.com/sd.svg"
"Gabriel Silva","gabriel@gmail.com","Brazil","109283465","https://flagcdn.com/br.svg"
"Maria Gomez","maria@example.com","Mexico","108765421","https://flagcdn.com/mx.svg"
"Ahmed Hassan","ahmed@gmail.com","Egypt","1077777777","https://flagcdn.com/eg.svg"
"John Doe","johndoe@gmail.com","United States","3245908744","https://flagcdn.com/us.svg"
"Fatima Ahmed","fatima@example.com","Pakistan","1089999363","https://flagcdn.com/pk.svg"
"David Smith","david@gmail.com","Australia","44450960283","https://flagcdn.com/au.svg"
"Marie Dupont","marie@gmail.com","France","06934233728","https://flagcdn.com/fr.svg"
"Ramesh Patel","ramesh@gmail.com","India","9875412303","https://flagcdn.com/in.svg"
"Fatimah Al-Sayed","fatimah@gmail.com","Kuwait","0123456789","https://flagcdn.com/kw.svg"
"Nina Williams","nina@hotmail.com","South Africa","2345678901","https://flagcdn.com/za.svg"
"Taro Tanaka","taro@gmail.com","Japan","3456789012","https://flagcdn.com/jp.svg"
"Abdul Rahman","abdul@gmail.com","Saudi Arabia","4567890123","https://flagcdn.com/sa.svg"
"Julie Nguyen","julie@gmail.com","Vietnam","5678901234","https://flagcdn.com/vn.svg"
"Sara Lee","sara@gmail.com","South Korea","6789012345","https://flagcdn.com/kr.svg"
"Carlos Gomez","carlos@yahoo.com","Colombia","7890123456","https://flagcdn.com/co.svg"
"Emma Brown","emma@gmail.com","Canada","8901234567","https://flagcdn.com/ca.svg"
"Juan Hernandez","juan@yahoo.com","Argentina","4343433333","https://flagcdn.com/ar.svg"
"Ibrahim Ahmed","ibrahim@yahoo.com","Nigeria","2345678009","https://flagcdn.com/ng.svg"
"Mei Chen","mei@gmail.com","Taiwan","3456117890","https://flagcdn.com/tw.svg"